id,username,email,created_at
1,mellowpioneer68,mellowpioneer68@opswise.net,2024-02-26 20:13:03
2,vividzenith81,vividzenith81@opswise.net,2025-02-09 11:16:07
3,dawnvalley04,dawnvalley04@relay.cloud,2025-01-08 08:36:36
4,urbanvalley42,urbanvalley42@example.com,2025-01-21 07:52:55
5,warmkernel55,warmkernel55@hackstack.io,2025-06-08 19:11:36
6,navynetwork27,navynetwork27@seeded.app,2025-11-01 21:16:02
7,quietyard77,quietyard77@opswise.net,2025-07-09 04:05:40
8,keenmeadow49,keenmeadow49@opswise.net,2025-12-02 10:56:31
9,dawnanchor46,dawnanchor46@relay.cloud,2025-04-30 09:48:17
10,goldyard21,goldyard21@relay.cloud,2024-01-27 12:24:05
11,goldorbit95,goldorbit95@seeded.app,2025-06-25 08:06:23
12,forestlagoon82,forestlagoon82@relay.cloud,2024-11-22 18:40:15
13,tidyharvest36,tidyharvest36@opswise.net,2026-01-01 13:30:11
14,cobaltvalley81,cobaltvalley81@example.com,2025-07-05 21:10:15
15,proudorbit10,proudorbit10@opswise.net,2024-01-14 16:27:01
16,keenzenith12,keenzenith12@relay.cloud,2025-01-21 07:46:27
17,navycanyon21,navycanyon21@relay.cloud,2025-04-29 18:48:52
18,jadejourney63,jadejourney63@example.com,2025-09-12 03:39:13
19,mellowkernel60,mellowkernel60@acme.dev,2025-12-11 14:41:10
20,amberfield03,amberfield03@hackstack.io,2024-11-10 22:54:55
21,calmyard94,calmyard94@acme.dev,2024-05-15 21:49:23
22,embergarden43,embergarden43@seeded.app,2025-09-23 18:18:12
23,goldengine58,goldengine58@hackstack.io,2024-09-13 15:49:12
24,calmtrail47,calmtrail47@seeded.app,2024-10-23 10:42:51
25,brisktrail08,brisktrail08@hackstack.io,2024-12-23 22:42:02
26,goldlagoon74,goldlagoon74@hackstack.io,2024-10-04 16:38:52
27,proudfield72,proudfield72@hackstack.io,2025-01-23 01:56:37
28,proudbeacon47,proudbeacon47@acme.dev,2024-04-17 13:26:11
29,livelygarden13,livelygarden13@example.com,2024-11-15 11:52:46
30,navyvalley33,navyvalley33@opswise.net,2024-08-08 03:46:54
31,emberriver17,emberriver17@example.com,2024-06-09 13:46:27
32,quietlagoon35,quietlagoon35@example.com,2025-10-19 12:05:00
33,calmlagoon65,calmlagoon65@seeded.app,2024-05-08 08:01:37
34,tidyorbit90,tidyorbit90@acme.dev,2024-02-20 07:41:32
35,rapidquartz63,rapidquartz63@seeded.app,2025-03-26 16:23:48
36,mellowgarden82,mellowgarden82@seeded.app,2024-01-10 19:06:55
37,keenmeadow15,keenmeadow15@opswise.net,2025-03-06 11:18:59
38,amberzenith56,amberzenith56@hackstack.io,2024-07-03 05:10:43
39,jadeisland75,jadeisland75@opswise.net,2025-08-11 00:22:53
40,harbordelta92,harbordelta92@relay.cloud,2025-01-17 10:04:43
41,opalquartz64,opalquartz64@hackstack.io,2024-06-16 19:23:48
42,embertrail81,embertrail81@opswise.net,2026-01-11 21:24:07
43,clearwindow26,clearwindow26@example.com,2024-10-01 00:22:33
44,calmbeacon59,calmbeacon59@example.com,2025-03-29 23:15:37
45,forestnetwork81,forestnetwork81@hackstack.io,2025-11-23 02:56:04
46,livelygarden04,livelygarden04@acme.dev,2024-12-07 06:48:14
47,proudnetwork91,proudnetwork91@example.com,2024-11-10 02:13:10
48,calmisland18,calmisland18@seeded.app,2025-06-05 14:48:39
49,harbormeadow34,harbormeadow34@relay.cloud,2025-11-12 05:12:13
50,youngzenith07,youngzenith07@hackstack.io,2025-06-19 23:56:49
51,tidyzenith55,tidyzenith55@opswise.net,2024-10-31 03:48:12
52,amberisland94,amberisland94@hackstack.io,2024-03-10 07:59:33
53,keenriver30,keenriver30@acme.dev,2025-03-02 23:16:35
54,rapidharvest90,rapidharvest90@example.com,2024-10-16 12:51:11
55,clearnetwork17,clearnetwork17@acme.dev,2024-11-02 07:19:11
56,cobaltsignal25,cobaltsignal25@seeded.app,2024-09-29 22:32:18
57,dawnanchor10,dawnanchor10@example.com,2025-05-02 23:24:57
58,briskkernel92,briskkernel92@relay.cloud,2025-07-14 11:03:43
59,clearisland92,clearisland92@opswise.net,2024-08-09 18:20:28
60,rapidanchor69,rapidanchor69@seeded.app,2024-08-28 05:10:26
61,amberzenith82,amberzenith82@example.com,2024-04-28 17:10:39
62,emberriver04,emberriver04@relay.cloud,2024-05-27 05:37:07
63,calmengine21,calmengine21@example.com,2025-06-21 03:05:18
64,harborgarden84,harborgarden84@example.com,2024-08-14 08:30:04
65,calmkernel33,calmkernel33@relay.cloud,2026-01-04 23:35:48
66,ivoryanchor51,ivoryanchor51@seeded.app,2024-03-10 00:59:00
67,rapidquartz75,rapidquartz75@opswise.net,2024-09-22 07:44:14
68,clearriver90,clearriver90@relay.cloud,2024-09-02 16:36:10
69,urbananchor41,urbananchor41@opswise.net,2024-01-11 07:40:30
70,ivoryvalley06,ivoryvalley06@opswise.net,2024-08-02 11:04:51
71,calmmeadow70,calmmeadow70@acme.dev,2024-03-24 20:30:26
72,jadeyard81,jadeyard81@opswise.net,2024-02-26 00:18:11
73,calmdelta72,calmdelta72@example.com,2024-05-23 11:36:32
74,ivoryzenith27,ivoryzenith27@relay.cloud,2025-02-07 04:45:47
75,ivoryjourney56,ivoryjourney56@opswise.net,2024-07-08 07:10:08
76,silvertrail04,silvertrail04@acme.dev,2025-10-28 04:21:45
77,goldfield35,goldfield35@hackstack.io,2024-06-27 07:43:52
78,golduplink56,golduplink56@relay.cloud,2024-02-21 12:49:27
79,harborsignal13,harborsignal13@example.com,2024-11-21 16:31:01
80,warmvalley96,warmvalley96@hackstack.io,2024-02-26 10:50:07
81,ivoryuplink20,ivoryuplink20@hackstack.io,2025-03-29 17:20:06
82,mellowengine43,mellowengine43@hackstack.io,2025-11-13 08:01:00
83,forestanchor27,forestanchor27@hackstack.io,2024-03-14 23:02:13
84,brisknetwork38,brisknetwork38@opswise.net,2025-02-08 14:33:47
85,tidywindow43,tidywindow43@example.com,2025-10-04 01:00:09
86,keenpioneer65,keenpioneer65@opswise.net,2025-07-04 22:25:34
87,forestisland14,forestisland14@hackstack.io,2024-02-26 12:45:02
88,livelycanyon47,livelycanyon47@example.com,2024-03-08 18:08:49
89,navyengine88,navyengine88@relay.cloud,2025-11-10 09:12:06
90,tidyriver19,tidyriver19@relay.cloud,2024-04-08 18:46:30
91,navyengine12,navyengine12@opswise.net,2024-10-23 14:44:01
92,amberfield51,amberfield51@hackstack.io,2024-06-25 01:40:00
93,opalvalley71,opalvalley71@hackstack.io,2024-03-20 22:49:05
94,calmvalley19,calmvalley19@opswise.net,2025-03-28 05:43:48
95,youngtrail47,youngtrail47@relay.cloud,2025-11-05 00:37:50
96,vividmeadow38,vividmeadow38@relay.cloud,2024-02-23 07:28:18
97,amberisland04,amberisland04@relay.cloud,2025-05-30 14:34:31
98,livelynetwork19,livelynetwork19@example.com,2025-12-22 02:32:18
99,emberanchor26,emberanchor26@acme.dev,2026-01-23 17:06:28
100,silverlagoon98,silverlagoon98@example.com,2025-05-07 09:27:24
101,ivoryvalley24,ivoryvalley24@opswise.net,2024-12-02 23:13:50
102,goldtrail43,goldtrail43@acme.dev,2024-07-22 19:39:30
103,mellowwindow89,mellowwindow89@opswise.net,2025-02-03 13:47:34
104,warmharvest30,warmharvest30@hackstack.io,2024-10-27 10:42:27
105,quietpioneer79,quietpioneer79@relay.cloud,2025-06-24 05:29:08
106,goldlagoon79,goldlagoon79@example.com,2025-04-06 02:45:38
107,proudcanyon05,proudcanyon05@example.com,2024-03-17 06:21:56
108,opalkernel13,opalkernel13@relay.cloud,2024-07-09 03:51:56
109,silversignal04,silversignal04@acme.dev,2025-03-27 17:37:08
110,prouddelta18,prouddelta18@relay.cloud,2025-09-18 11:30:15
111,navyquartz82,navyquartz82@seeded.app,2024-03-23 21:59:53
112,livelyzenith85,livelyzenith85@seeded.app,2024-12-11 15:36:35
113,livelymeadow60,livelymeadow60@acme.dev,2025-04-21 02:58:09
114,harbormeadow40,harbormeadow40@hackstack.io,2025-06-26 18:39:57
115,tidysignal07,tidysignal07@acme.dev,2024-03-01 23:27:42
116,harborgarden85,harborgarden85@hackstack.io,2024-01-23 09:10:13
117,goldjourney29,goldjourney29@example.com,2026-01-01 09:35:25
118,emberyard54,emberyard54@seeded.app,2025-01-15 20:27:51
119,forestquartz17,forestquartz17@acme.dev,2024-06-12 07:47:00
120,mellowwindow11,mellowwindow11@opswise.net,2024-04-30 10:44:48
121,keenyard98,keenyard98@seeded.app,2024-02-07 01:24:58
122,mellowvalley91,mellowvalley91@seeded.app,2025-01-12 10:20:18
123,jadebeacon73,jadebeacon73@hackstack.io,2024-03-25 08:07:50
124,vividharvest19,vividharvest19@relay.cloud,2025-11-24 09:26:35
125,rapidzenith98,rapidzenith98@relay.cloud,2025-11-02 18:14:26
126,keenharvest04,keenharvest04@hackstack.io,2024-05-01 10:08:30
127,keenuplink77,keenuplink77@acme.dev,2025-02-25 07:45:20
128,proudcanyon07,proudcanyon07@opswise.net,2025-09-17 20:32:20
129,jadefield98,jadefield98@opswise.net,2024-12-20 06:12:04
130,mellowtrail93,mellowtrail93@opswise.net,2025-02-19 08:26:15
131,briskjourney99,briskjourney99@relay.cloud,2025-01-08 20:33:45
132,emberfield79,emberfield79@hackstack.io,2024-01-13 19:09:02
133,mellowuplink81,mellowuplink81@hackstack.io,2024-04-21 07:12:37
134,dawncanyon06,dawncanyon06@relay.cloud,2026-01-24 21:37:45
135,ivorytrail64,ivorytrail64@example.com,2025-01-28 10:00:53
136,calmisland33,calmisland33@hackstack.io,2024-02-21 16:35:21
137,jadevalley26,jadevalley26@relay.cloud,2025-01-29 04:08:24
138,vividanchor84,vividanchor84@relay.cloud,2025-10-05 22:53:48
139,livelytrail71,livelytrail71@hackstack.io,2025-02-23 15:06:05
140,cobaltvalley35,cobaltvalley35@example.com,2025-08-04 08:35:29
141,clearyard93,clearyard93@acme.dev,2025-06-24 01:59:19
142,forestorbit97,forestorbit97@acme.dev,2024-08-25 00:58:31
143,briskwindow51,briskwindow51@relay.cloud,2025-09-02 14:43:28
144,jadeorbit33,jadeorbit33@hackstack.io,2025-11-08 18:39:23
145,clearanchor93,clearanchor93@example.com,2025-12-19 09:57:06
146,dawntrail03,dawntrail03@acme.dev,2025-09-17 17:57:59
147,proudyard40,proudyard40@relay.cloud,2025-05-20 20:13:47
148,forestanchor97,forestanchor97@seeded.app,2024-04-09 06:32:16
149,ivorytrail57,ivorytrail57@acme.dev,2024-05-20 17:39:50
150,navywindow23,navywindow23@example.com,2025-08-13 19:44:10
151,keenvalley15,keenvalley15@relay.cloud,2024-08-02 17:24:08
152,ivoryfield88,ivoryfield88@opswise.net,2024-01-19 00:02:01
153,livelyanchor07,livelyanchor07@relay.cloud,2025-08-07 13:30:15
154,forestgarden54,forestgarden54@opswise.net,2024-01-26 11:02:54
155,ivorycanyon56,ivorycanyon56@relay.cloud,2025-12-20 09:24:15
156,briskengine37,briskengine37@acme.dev,2024-03-17 17:48:18
157,tidyzenith76,tidyzenith76@seeded.app,2024-10-30 03:33:51
158,vividdelta83,vividdelta83@seeded.app,2025-01-06 19:01:59
159,youngjourney84,youngjourney84@opswise.net,2024-10-22 02:10:31
160,youngmeadow48,youngmeadow48@opswise.net,2024-12-17 12:07:16
161,ivoryanchor40,ivoryanchor40@hackstack.io,2024-07-01 15:09:54
162,livelysignal73,livelysignal73@hackstack.io,2024-10-30 14:13:45
163,vividnetwork95,vividnetwork95@example.com,2025-09-11 06:30:32
164,youngpioneer64,youngpioneer64@seeded.app,2025-07-29 08:23:27
165,clearyard39,clearyard39@acme.dev,2024-10-27 03:07:16
166,dawnsignal69,dawnsignal69@example.com,2025-11-14 00:09:19
167,silvertrail52,silvertrail52@seeded.app,2025-07-01 12:08:36
168,livelyharvest42,livelyharvest42@example.com,2024-11-17 14:20:13
169,goldquartz10,goldquartz10@seeded.app,2024-08-19 01:01:03
170,silvertrail54,silvertrail54@example.com,2024-04-09 22:06:57
171,clearsignal77,clearsignal77@opswise.net,2025-06-22 23:18:52
172,rapidcanyon20,rapidcanyon20@seeded.app,2024-12-01 16:35:27
173,livelytrail78,livelytrail78@seeded.app,2024-07-31 18:32:39
174,opalriver62,opalriver62@relay.cloud,2025-12-13 04:27:08
175,navylagoon01,navylagoon01@seeded.app,2025-06-02 21:25:58
176,tidytrail25,tidytrail25@relay.cloud,2024-09-18 14:54:28
177,opalyard72,opalyard72@example.com,2024-11-24 20:22:39
178,silvernetwork90,silvernetwork90@relay.cloud,2025-09-21 02:38:00
179,quietvalley97,quietvalley97@opswise.net,2024-08-17 10:14:38
180,silvergarden04,silvergarden04@example.com,2025-12-26 11:08:53
181,livelyquartz48,livelyquartz48@hackstack.io,2024-12-09 21:15:09
182,urbanjourney29,urbanjourney29@example.com,2024-12-21 07:39:42
183,navywindow05,navywindow05@example.com,2025-05-20 02:51:36
184,forestzenith15,forestzenith15@example.com,2024-05-26 00:46:45
185,livelyuplink76,livelyuplink76@hackstack.io,2025-02-15 16:15:18
186,warmanchor56,warmanchor56@example.com,2025-04-01 02:19:15
187,opallagoon77,opallagoon77@example.com,2024-09-24 16:38:19
188,quietwindow22,quietwindow22@example.com,2025-03-10 11:19:49
189,jadedelta05,jadedelta05@acme.dev,2024-02-12 23:40:05
190,ivorybeacon00,ivorybeacon00@relay.cloud,2024-08-27 03:20:39
191,warmmeadow70,warmmeadow70@opswise.net,2024-08-29 13:39:49
192,cobaltkernel70,cobaltkernel70@acme.dev,2025-06-30 23:57:35
193,navygarden48,navygarden48@acme.dev,2024-10-04 17:24:42
194,tidyengine96,tidyengine96@opswise.net,2024-04-26 06:41:29
195,vividuplink07,vividuplink07@seeded.app,2025-12-25 22:35:48
196,quietbeacon49,quietbeacon49@relay.cloud,2025-03-04 08:14:16
197,ivoryharvest41,ivoryharvest41@opswise.net,2025-02-25 15:25:00
198,proudharvest59,proudharvest59@hackstack.io,2024-09-02 19:39:40
199,cobaltsignal99,cobaltsignal99@hackstack.io,2025-10-13 05:26:51
200,livelyanchor48,livelyanchor48@opswise.net,2024-12-16 21:31:43
201,quietharvest91,quietharvest91@opswise.net,2024-11-02 05:24:52
202,emberfield41,emberfield41@opswise.net,2024-10-04 19:28:06
203,harborzenith15,harborzenith15@seeded.app,2025-11-26 18:51:06
204,warmnetwork60,warmnetwork60@opswise.net,2025-04-04 14:51:26
205,youngriver84,youngriver84@example.com,2025-07-19 06:58:55
206,embersignal14,embersignal14@acme.dev,2024-02-22 21:05:09
207,youngmeadow75,youngmeadow75@seeded.app,2024-05-11 05:17:18
208,ivorywindow88,ivorywindow88@relay.cloud,2024-12-12 21:16:03
209,jadedelta32,jadedelta32@hackstack.io,2024-08-09 13:26:02
210,navyzenith05,navyzenith05@acme.dev,2026-01-06 14:30:17
211,silvergarden62,silvergarden62@acme.dev,2025-07-22 14:15:30
212,forestuplink72,forestuplink72@acme.dev,2024-05-15 13:08:20
213,calmsignal71,calmsignal71@acme.dev,2025-10-16 14:31:56
214,amberwindow60,amberwindow60@opswise.net,2025-06-19 10:37:33
215,amberjourney21,amberjourney21@opswise.net,2024-02-25 15:11:35
216,dawnnetwork62,dawnnetwork62@relay.cloud,2025-03-31 06:44:56
217,vividlagoon38,vividlagoon38@example.com,2024-07-29 14:05:27
218,keengarden59,keengarden59@seeded.app,2026-01-08 22:00:53
219,dawnvalley18,dawnvalley18@relay.cloud,2025-04-30 14:42:01
220,ivorysignal63,ivorysignal63@hackstack.io,2025-03-31 20:52:10
221,mellowquartz65,mellowquartz65@seeded.app,2024-12-04 03:04:16
222,golduplink01,golduplink01@relay.cloud,2024-05-06 17:46:40
223,cobaltuplink60,cobaltuplink60@seeded.app,2024-07-29 19:58:57
224,warmpioneer74,warmpioneer74@relay.cloud,2025-11-04 22:53:09
225,quietdelta07,quietdelta07@seeded.app,2024-07-14 10:09:43
226,briskriver44,briskriver44@example.com,2025-01-18 11:33:15
227,opalpioneer08,opalpioneer08@hackstack.io,2024-10-15 20:18:42
228,opaldelta12,opaldelta12@acme.dev,2025-08-03 13:42:59
229,jadebeacon45,jadebeacon45@seeded.app,2024-10-17 19:59:16
230,calmcanyon72,calmcanyon72@hackstack.io,2024-12-11 09:36:30
231,keenpioneer00,keenpioneer00@seeded.app,2024-05-02 09:20:36
232,forestbeacon62,forestbeacon62@acme.dev,2025-02-06 13:01:19
233,warmkernel52,warmkernel52@example.com,2024-07-04 04:14:30
234,cobaltyard92,cobaltyard92@acme.dev,2024-06-21 15:27:46
235,youngisland58,youngisland58@hackstack.io,2024-10-16 02:53:47
236,navywindow39,navywindow39@relay.cloud,2025-07-04 05:26:51
237,tidygarden74,tidygarden74@opswise.net,2024-11-19 15:26:03
238,mellowkernel75,mellowkernel75@relay.cloud,2025-03-05 21:20:55
239,urbanengine66,urbanengine66@example.com,2024-12-11 18:56:10
240,livelypioneer21,livelypioneer21@relay.cloud,2025-03-22 21:36:37
241,tidyyard53,tidyyard53@hackstack.io,2026-01-11 09:46:22
242,jadefield53,jadefield53@hackstack.io,2024-10-01 17:16:40
243,warmjourney00,warmjourney00@opswise.net,2024-08-02 11:48:56
244,amberzenith47,amberzenith47@relay.cloud,2025-05-27 05:52:00
245,quietmeadow21,quietmeadow21@acme.dev,2024-10-15 23:09:43
246,navykernel97,navykernel97@opswise.net,2024-05-11 13:22:44
247,urbanpioneer16,urbanpioneer16@relay.cloud,2025-02-07 07:15:37
248,silverfield53,silverfield53@acme.dev,2025-01-15 12:07:54
249,ivoryanchor18,ivoryanchor18@relay.cloud,2024-09-08 03:33:22
250,jadeorbit08,jadeorbit08@example.com,2025-12-06 10:50:00
251,embernetwork47,embernetwork47@acme.dev,2024-05-25 21:47:31
252,jadequartz05,jadequartz05@seeded.app,2024-06-04 19:46:39
253,rapidkernel00,rapidkernel00@relay.cloud,2024-05-23 16:15:35
254,warmbeacon58,warmbeacon58@seeded.app,2025-12-08 02:32:49
255,emberisland13,emberisland13@relay.cloud,2024-10-08 00:29:55
256,keentrail08,keentrail08@example.com,2025-10-01 05:17:11
257,briskisland81,briskisland81@seeded.app,2025-02-09 20:07:43
258,proudquartz36,proudquartz36@relay.cloud,2026-01-11 09:29:59
259,rapidwindow01,rapidwindow01@hackstack.io,2025-08-25 17:02:36
260,foresttrail56,foresttrail56@opswise.net,2024-03-19 18:04:03
261,livelybeacon06,livelybeacon06@relay.cloud,2024-02-01 14:45:41
262,opalvalley98,opalvalley98@opswise.net,2025-09-06 23:26:26
263,navyisland05,navyisland05@opswise.net,2025-06-20 17:21:01
264,forestjourney01,forestjourney01@example.com,2025-09-29 09:28:58
265,dawnlagoon34,dawnlagoon34@relay.cloud,2026-01-05 20:32:07
266,amberjourney06,amberjourney06@relay.cloud,2024-05-08 14:27:43
267,ambernetwork25,ambernetwork25@seeded.app,2025-07-18 03:14:15
268,proudbeacon67,proudbeacon67@seeded.app,2025-02-13 17:07:37
269,emberorbit03,emberorbit03@acme.dev,2025-06-30 02:33:58
270,quietkernel45,quietkernel45@acme.dev,2025-09-30 22:49:22
271,tidywindow59,tidywindow59@hackstack.io,2026-01-16 09:58:30
272,emberriver34,emberriver34@relay.cloud,2025-05-11 09:32:41
273,jadesignal94,jadesignal94@example.com,2024-01-06 03:52:04
274,amberbeacon51,amberbeacon51@hackstack.io,2025-09-13 12:45:09
275,goldnetwork19,goldnetwork19@relay.cloud,2025-04-11 02:36:31
276,youngmeadow43,youngmeadow43@seeded.app,2025-02-07 08:54:02
277,warmdelta68,warmdelta68@example.com,2024-11-28 03:05:46
278,embercanyon28,embercanyon28@acme.dev,2024-12-27 04:37:06
279,mellowriver64,mellowriver64@opswise.net,2024-09-10 20:56:59
280,harboranchor45,harboranchor45@example.com,2025-02-17 04:39:05
281,warmharvest59,warmharvest59@relay.cloud,2024-05-05 07:11:21
282,younggarden06,younggarden06@acme.dev,2025-11-02 11:43:01
283,proudsignal83,proudsignal83@acme.dev,2024-12-30 15:41:22
284,youngorbit41,youngorbit41@seeded.app,2024-02-10 23:18:29
285,younggarden61,younggarden61@hackstack.io,2025-08-30 04:47:02
286,mellowzenith03,mellowzenith03@opswise.net,2024-06-26 23:43:46
287,harborharvest66,harborharvest66@acme.dev,2025-07-25 20:54:20
288,opalriver92,opalriver92@hackstack.io,2026-01-16 04:22:37
289,quietdelta00,quietdelta00@example.com,2025-06-22 14:53:47
290,urbanuplink82,urbanuplink82@hackstack.io,2025-10-12 04:12:33
291,goldtrail42,goldtrail42@example.com,2025-01-04 16:11:13
292,forestkernel65,forestkernel65@example.com,2025-05-08 12:01:01
293,mellowfield75,mellowfield75@example.com,2024-07-19 09:46:50
294,harborsignal80,harborsignal80@example.com,2024-09-08 19:04:48
295,jademeadow66,jademeadow66@hackstack.io,2025-03-22 05:39:32
296,jadevalley38,jadevalley38@opswise.net,2024-01-31 07:12:53
297,livelybeacon02,livelybeacon02@hackstack.io,2024-12-08 18:38:31
298,harborriver54,harborriver54@acme.dev,2025-05-16 11:47:51
299,dawnuplink15,dawnuplink15@acme.dev,2024-08-05 18:21:03
300,tidymeadow62,tidymeadow62@hackstack.io,2025-12-01 20:47:33
301,emberisland81,emberisland81@relay.cloud,2024-11-28 17:06:57
302,keenyard98,keenyard98@relay.cloud,2024-05-13 02:28:13
303,forestisland17,forestisland17@seeded.app,2025-11-06 14:15:17
304,briskgarden80,briskgarden80@seeded.app,2025-05-20 20:17:45
305,youngkernel07,youngkernel07@relay.cloud,2024-06-18 20:13:13
306,briskjourney95,briskjourney95@example.com,2024-01-29 02:13:36
307,livelyanchor44,livelyanchor44@example.com,2025-01-16 19:58:00
308,emberriver47,emberriver47@seeded.app,2025-10-02 13:41:30
309,navyjourney02,navyjourney02@opswise.net,2024-06-06 13:40:21
310,livelyzenith52,livelyzenith52@relay.cloud,2024-11-06 05:36:36
311,cobaltyard15,cobaltyard15@seeded.app,2024-03-10 23:02:38
312,urbansignal67,urbansignal67@hackstack.io,2025-03-27 20:31:10
313,briskuplink06,briskuplink06@opswise.net,2025-10-28 05:50:36
314,amberdelta44,amberdelta44@seeded.app,2024-03-17 02:55:02
315,urbanlagoon72,urbanlagoon72@seeded.app,2024-02-02 00:01:42
316,dawnpioneer40,dawnpioneer40@acme.dev,2025-05-29 17:04:32
317,silversignal69,silversignal69@opswise.net,2024-04-16 13:34:05
318,harborquartz47,harborquartz47@relay.cloud,2024-11-25 03:45:12
319,forestfield04,forestfield04@example.com,2025-11-02 22:33:00
320,calmtrail18,calmtrail18@hackstack.io,2024-04-22 23:01:55
321,forestmeadow93,forestmeadow93@seeded.app,2024-04-18 08:51:09
322,dawncanyon54,dawncanyon54@relay.cloud,2024-01-28 14:09:49
323,quietriver36,quietriver36@acme.dev,2025-02-25 04:43:36
324,rapidjourney25,rapidjourney25@hackstack.io,2025-04-18 16:09:55
325,calmyard71,calmyard71@hackstack.io,2025-06-03 07:23:51
326,clearquartz57,clearquartz57@opswise.net,2025-05-13 15:42:00
327,urbancanyon51,urbancanyon51@seeded.app,2024-04-10 08:11:15
328,warmcanyon49,warmcanyon49@relay.cloud,2025-07-31 21:27:11
329,warmdelta21,warmdelta21@acme.dev,2025-02-14 11:08:51
330,jadebeacon81,jadebeacon81@opswise.net,2024-10-22 00:47:05
331,cobaltanchor36,cobaltanchor36@relay.cloud,2025-02-18 03:06:20
332,opalorbit66,opalorbit66@example.com,2025-01-30 13:06:24
333,silverbeacon82,silverbeacon82@hackstack.io,2025-09-15 04:27:20
334,tidytrail98,tidytrail98@example.com,2025-11-19 02:08:32
335,keendelta53,keendelta53@hackstack.io,2024-02-12 01:22:09
336,cobaltharvest25,cobaltharvest25@seeded.app,2025-02-14 17:48:23
337,youngnetwork55,youngnetwork55@opswise.net,2026-01-01 19:04:03
338,vividgarden04,vividgarden04@acme.dev,2024-08-16 05:45:49
339,quietnetwork13,quietnetwork13@seeded.app,2024-01-28 10:13:10
340,emberfield82,emberfield82@hackstack.io,2024-04-08 04:20:06
341,mellowpioneer22,mellowpioneer22@opswise.net,2024-01-02 11:53:37
342,tidycanyon83,tidycanyon83@hackstack.io,2025-11-27 00:31:36
343,navytrail09,navytrail09@relay.cloud,2024-02-10 07:52:08
344,keenquartz04,keenquartz04@opswise.net,2025-11-24 07:11:18
345,ivorywindow42,ivorywindow42@example.com,2025-09-12 10:23:05
346,goldisland81,goldisland81@acme.dev,2025-06-07 13:04:25
347,calmsignal27,calmsignal27@acme.dev,2024-02-09 22:27:26
348,harborfield43,harborfield43@seeded.app,2024-01-07 07:05:04
349,vividlagoon76,vividlagoon76@seeded.app,2024-03-28 09:14:53
350,jadekernel51,jadekernel51@seeded.app,2024-09-12 17:26:57
351,rapidpioneer48,rapidpioneer48@hackstack.io,2025-12-19 04:35:49
352,proudsignal94,proudsignal94@hackstack.io,2025-08-06 07:53:12
353,mellowsignal05,mellowsignal05@opswise.net,2024-04-02 08:38:43
354,jadetrail39,jadetrail39@acme.dev,2024-07-30 02:43:56
355,mellowsignal55,mellowsignal55@hackstack.io,2024-03-07 19:42:44
356,opalgarden03,opalgarden03@seeded.app,2024-07-06 01:36:39
357,silverriver89,silverriver89@relay.cloud,2025-04-12 03:50:48
358,rapidtrail67,rapidtrail67@example.com,2024-06-21 04:40:31
359,urbanisland33,urbanisland33@acme.dev,2024-09-10 14:37:24
360,brisksignal02,brisksignal02@acme.dev,2024-06-29 17:57:45
361,opalgarden74,opalgarden74@hackstack.io,2024-01-12 11:49:47
362,opalnetwork11,opalnetwork11@example.com,2024-10-06 19:24:34
363,briskpioneer61,briskpioneer61@relay.cloud,2024-01-14 20:40:28
364,goldbeacon59,goldbeacon59@seeded.app,2024-09-08 20:43:00
365,keennetwork23,keennetwork23@acme.dev,2025-03-25 00:40:17
366,proudtrail53,proudtrail53@seeded.app,2025-04-26 14:09:12
367,dawnmeadow48,dawnmeadow48@seeded.app,2025-04-04 22:46:57
368,forestbeacon95,forestbeacon95@relay.cloud,2026-01-02 10:54:28
369,calmriver98,calmriver98@hackstack.io,2024-07-02 07:17:35
370,clearmeadow72,clearmeadow72@example.com,2025-12-31 19:45:50
371,briskvalley72,briskvalley72@opswise.net,2025-03-10 03:50:20
372,brisksignal13,brisksignal13@acme.dev,2024-12-07 23:05:22
373,urbantrail38,urbantrail38@opswise.net,2024-01-11 03:59:49
374,clearcanyon18,clearcanyon18@relay.cloud,2025-01-13 04:10:47
375,warmlagoon89,warmlagoon89@seeded.app,2024-11-12 03:46:19
376,navytrail41,navytrail41@hackstack.io,2025-02-08 01:46:48
377,silverquartz19,silverquartz19@hackstack.io,2025-07-14 21:36:34
378,rapidyard31,rapidyard31@example.com,2025-03-30 18:43:23
379,opalnetwork76,opalnetwork76@hackstack.io,2024-12-19 12:22:47
380,tidylagoon33,tidylagoon33@example.com,2024-11-27 19:49:11
381,briskyard09,briskyard09@acme.dev,2025-07-19 22:41:53
382,goldisland08,goldisland08@opswise.net,2025-12-27 14:44:02
383,keenanchor67,keenanchor67@hackstack.io,2026-01-25 04:01:11
384,keenwindow14,keenwindow14@relay.cloud,2024-02-29 00:32:40
385,jadefield34,jadefield34@example.com,2024-03-31 18:27:56
386,calmriver15,calmriver15@opswise.net,2024-06-05 12:46:34
387,tidybeacon14,tidybeacon14@acme.dev,2024-01-14 12:22:46
388,quietengine71,quietengine71@opswise.net,2024-10-27 18:17:55
389,dawnharvest34,dawnharvest34@hackstack.io,2025-05-14 12:15:49
390,ivorylagoon95,ivorylagoon95@hackstack.io,2024-05-15 07:19:44
391,livelyvalley94,livelyvalley94@hackstack.io,2024-04-14 00:58:41
392,proudgarden84,proudgarden84@seeded.app,2025-04-22 07:15:29
393,vividisland61,vividisland61@seeded.app,2025-09-21 13:44:23
394,ivorysignal95,ivorysignal95@hackstack.io,2026-01-23 17:07:15
395,brisklagoon37,brisklagoon37@opswise.net,2025-12-12 11:15:10
396,rapidpioneer65,rapidpioneer65@example.com,2025-07-07 19:22:07
397,calmuplink37,calmuplink37@hackstack.io,2024-08-15 18:56:17
398,cleargarden63,cleargarden63@relay.cloud,2024-01-18 12:29:34
399,vividisland86,vividisland86@hackstack.io,2025-11-03 21:38:18
400,urbanharvest37,urbanharvest37@seeded.app,2025-02-14 21:13:56
